{"schemaVersion":"1.0","appDefinitionTemplate":{"id":"/providers/Microsoft.PowerApps/apps/","type":"Microsoft.PowerApps/apps","tags":{"primaryDeviceWidth":"1366","primaryDeviceHeight":"768","sienaVersion":"20250410T085943Z-3.25035.12.0","deviceCapabilities":"","supportsPortrait":"true","supportsLandscape":"true","primaryFormFactor":"Tablet","publisherVersion":"3.25035.12","minimumRequiredApiVersion":"2.2.0","hasComponent":"false","hasUnlockedComponent":"false","isUnifiedRootApp":"false","showStatusBar":"false","offlineLargeFilesSupport":"false"},"properties":{"appVersion":"2025-04-10T08:59:43Z","lifeCycleId":"Published","createdByClientVersion":{"major":3,"minor":25035,"build":12,"revision":0,"majorRevision":0,"minorRevision":0},"minClientVersion":{"major":3,"minor":25035,"build":12,"revision":0,"majorRevision":0,"minorRevision":0},"backgroundColor":"rgba(179, 136, 51, 1)","backgroundImageUri":"/8466683080681962658/Ndc5f4bb5-c1f7-4f01-abff-cc5b5427f5a1-logoSmallFile","displayName":"STERLING CREDIT PORTAL","description":"credit portal","commitMessage":"","appUris":{"documentUri":{"value":"/8466683080681962658/Nb4d74985-ff1c-4cbd-ad85-35e69422fff4-document.msapp"},"imageUris":[],"additionalUris":[{"isSolutionAware":false,"value":"/8466683080681962658/Nea071b12-0010-404d-927d-b9f6c33842c6-identity.json"}]},"createdTime":"0001-01-01T00:00:00Z","lastModifiedTime":"0001-01-01T00:00:00Z","sharedGroupsCount":0,"sharedUsersCount":0,"connectionReferences":{"94f9f23a-215b-49c9-afdd-50fed85e3669":{"id":"c3b2206e-4ce5-404e-a599-b3e04a5ed769","displayName":"SharePoint","iconUri":"https://conn-afd-prod-endpoint-bmc9bqahasf3grgk.b01.azurefd.net/releases/v1.0.1738/1.0.1738.4131/sharepointonline/icon.png","dataSources":["Server Requests Data List","Group Head","Unit Head","NIBCreditDataLoader","NIB MCC Board","NIBCreditPortalActions","NIBCreditPortalUsers","NIBCreditWorkflowSLA","NIBCreditDocuments","CreditPortalDocumentsDraft","CreditWorkflowSLA","CreditPortalActions","CreditApproversLimit","CreditSector","CreditPortalUsers","FCY Rate","CreditProcessingDocuments","CreditPortalDocuments","CreditPortalDivisions","CreditDataLoader","CreditDocumentProcessingDraft"],"dependencies":[],"dependents":["62d3054e-f0df-4986-815e-7893739fde6e","dff56156-2bb5-44b4-8758-a2941ce5fd1f","c1ccb907-6f84-4c65-a929-40e2e7d0622a"],"parameterHints":{},"parameterHintsV2":{},"isOnPremiseConnection":false,"bypassConsent":false,"dataSets":{"https://sterlingbankng.sharepoint.com/sites/Dev":{"dataSources":{"Server Requests Data List":{"tableName":"24ba7b61-14bf-4d92-ab7d-e05aaa8013a0"}}},"https://sterlingbankng.sharepoint.com/RetailLoan":{"dataSources":{"Group Head":{"tableName":"c9fda435-645c-406c-9c7a-20869c6da579"},"Unit Head":{"tableName":"e98fcc75-465f-4097-9034-8ce2065a539b"}}},"https://sterlingbankng.sharepoint.com/sites/PowerPlatformDev":{"dataSources":{"NIBCreditDocuments":{"tableName":"93c9605c-cba5-40e7-a803-c6eedcf3695e"},"NIBCreditDataLoader":{"tableName":"e3629d0b-1b54-48e4-a837-30af5493b20b"}}},"https://sterlingbankng.sharepoint.com/pds":{"dataSources":{"CreditDataLoader":{"tableName":"62c4db5a-defd-4266-be81-61f1408d62fe"},"CreditWorkflowSLA":{"tableName":"0663a0f1-a1ae-4a1c-bbc8-4ec20bec07b5"},"CreditPortalActions":{"tableName":"80494232-1e04-4a36-ad94-da22e72742e9"},"CreditApproversLimit":{"tableName":"c86f241a-5f62-4827-bc3f-96fe7716e501"},"CreditSector":{"tableName":"04e9446e-1a11-464b-bd9b-789ab8cbba3c"},"CreditPortalUsers":{"tableName":"96651587-3f6a-48dd-b477-6df1944b824b"},"FCY Rate":{"tableName":"93b8b975-af46-4dc6-9c99-87e3990c1032"},"CreditProcessingDocuments":{"tableName":"4e1a6014-358b-4eaa-97db-54b7bf7c14eb"},"CreditPortalDocuments":{"tableName":"db0d2db0-cc35-4514-8307-46c09788bdf8"},"CreditPortalDivisions":{"tableName":"3721a706-f2ae-4bd4-b410-d2bf4358acea"},"CreditDocumentProcessingDraft":{"tableName":"e65a61ae-ef98-4f98-9757-077f7a68e54f"}}}},"apiTier":"Standard","isCustomApiConnection":false,"actions":["providers/PowerPlatform.Governance/Operations/Read","providers/PowerPlatform.Governance/Operations/Write","providers/PowerPlatform.Governance/Operations/Delete"]},"62d3054e-f0df-4986-815e-7893739fde6e":{"id":"b218f09f-e45c-4df4-a139-50fa6f6e25ff","displayName":"Logic flows","iconUri":"https://conn-afd-prod-endpoint-bmc9bqahasf3grgk.b01.azurefd.net/releases/v1.0.1725/1.0.1725.4004/logicflows/icon.png","dataSources":["CreditPDFSenderWF"],"dependencies":["c972d9e5-e0a2-4312-b9be-f618ad59faf6","c972d9e5-e0a2-4312-b9be-f618ad59faf6","94f9f23a-215b-49c9-afdd-50fed85e3669","e44f43a0-4b76-42f3-bbf3-c33c9357b0be"],"dependents":[],"parameterHints":{"workflowName":{"value":"92c39b93-d6d1-4124-aebd-a514d0fb518d"},"workflowEntityId":{},"workflowDisplayName":{"value":"CreditPDFSenderWF"},"c972d9e5-e0a2-4312-b9be-f618ad59faf6":{"value":"shared_onedriveforbusiness_2"},"fbfa26a1-abdb-4374-82e3-16a2bc07cc0f":{"value":"shared_sharepointonline_1"},"e44f43a0-4b76-42f3-bbf3-c33c9357b0be":{"value":"shared_office365_1"},"94f9f23a-215b-49c9-afdd-50fed85e3669":{"value":"shared_sharepointonline_1"}},"parameterHintsV2":{"workflowName":{"value":"92c39b93-d6d1-4124-aebd-a514d0fb518d"},"workflowEntityId":{},"workflowDisplayName":{"value":"CreditPDFSenderWF"},"shared_onedriveforbusiness_1":{"value":"c972d9e5-e0a2-4312-b9be-f618ad59faf6"},"shared_onedriveforbusiness_2":{"value":"c972d9e5-e0a2-4312-b9be-f618ad59faf6"},"shared_sharepointonline_1":{"value":"94f9f23a-215b-49c9-afdd-50fed85e3669"},"shared_office365_1":{"value":"e44f43a0-4b76-42f3-bbf3-c33c9357b0be"}},"isOnPremiseConnection":false,"bypassConsent":false,"dataSets":{},"apiTier":"Standard","isCustomApiConnection":false,"actions":["Run"],"nestedActions":[{"id":"/providers/Microsoft.PowerApps/apis/shared_onedriveforbusiness/apiOperations/CreateFile","flowConnectionRef":"shared_onedriveforbusiness_1","apiName":"OneDrive for Business","actionName":"CreateFile","referencedResources":[]},{"id":"/providers/Microsoft.PowerApps/apis/shared_onedriveforbusiness/apiOperations/ConvertFile","flowConnectionRef":"shared_onedriveforbusiness_2","apiName":"OneDrive for Business","actionName":"ConvertFile","referencedResources":[{"key":"fileId","value":"@outputs('Create_file_Policy_Document')?['body/Id']"}]},{"id":"/providers/Microsoft.PowerApps/apis/shared_onedriveforbusiness/apiOperations/CreateFile","flowConnectionRef":"shared_onedriveforbusiness_2","apiName":"OneDrive for Business","actionName":"CreateFile","referencedResources":[]},{"id":"/providers/Microsoft.PowerApps/apis/shared_onedriveforbusiness/apiOperations/GetFileContent","flowConnectionRef":"shared_onedriveforbusiness_2","apiName":"OneDrive for Business","actionName":"GetFileContent","referencedResources":[{"key":"fileId","value":"@outputs('Create_file')?['body/Id']"}]},{"id":"/providers/Microsoft.PowerApps/apis/shared_onedriveforbusiness/apiOperations/DeleteFile","flowConnectionRef":"shared_onedriveforbusiness_2","apiName":"OneDrive for Business","actionName":"DeleteFile","referencedResources":[{"key":"fileId","value":"@outputs('Create_file_Policy_Document')?['body/Id']"},{"key":"fileId","value":"@outputs('Create_file')?['body/Id']"}]},{"id":"/providers/Microsoft.PowerApps/apis/shared_sharepointonline/apiOperations/GetFileContent","flowConnectionRef":"shared_sharepointonline_1","apiName":"SharePoint","actionName":"GetFileContent","referencedResources":[{"key":"site","value":"https://sterlingbankng.sharepoint.com/sites/Dev/dms"},{"key":"site","value":"https://sterlingbankng.sharepoint.com/sites/Dev/dms"},{"key":"fileId","value":"%252fSiteAssets%252fsterlinglogo.png"}]},{"id":"/providers/Microsoft.PowerApps/apis/shared_office365/apiOperations/SendEmailV2","flowConnectionRef":"shared_office365_1","apiName":"Office 365 Outlook","actionName":"SendEmailV2","referencedResources":[]}]},"c972d9e5-e0a2-4312-b9be-f618ad59faf6":{"id":"b008e77e-4cf5-4dd3-a21f-670173ee05c8","displayName":"OneDrive for Business","iconUri":"https://conn-afd-prod-endpoint-bmc9bqahasf3grgk.b01.azurefd.net/releases/v1.0.1732/1.0.1732.4070/onedriveforbusiness/icon.png","dataSources":[],"dependencies":[],"dependents":["62d3054e-f0df-4986-815e-7893739fde6e"],"parameterHints":{},"parameterHintsV2":{},"isOnPremiseConnection":false,"bypassConsent":false,"dataSets":{},"apiTier":"Standard","isCustomApiConnection":false},"e44f43a0-4b76-42f3-bbf3-c33c9357b0be":{"id":"41b96bed-9045-4035-83f5-4145cf2cb877","displayName":"Office 365 Outlook","iconUri":"https://conn-afd-prod-endpoint-bmc9bqahasf3grgk.b01.azurefd.net/releases/v1.0.1722/1.0.1722.3975/office365/icon.png","dataSources":[],"dependencies":[],"dependents":["62d3054e-f0df-4986-815e-7893739fde6e"],"parameterHints":{},"parameterHintsV2":{},"isOnPremiseConnection":false,"bypassConsent":false,"dataSets":{},"apiTier":"Standard","isCustomApiConnection":false},"dff56156-2bb5-44b4-8758-a2941ce5fd1f":{"id":"b218f09f-e45c-4df4-a139-50fa6f6e25ff","displayName":"Logic flows","iconUri":"https://conn-afd-prod-endpoint-bmc9bqahasf3grgk.b01.azurefd.net/releases/v1.0.1725/1.0.1725.4004/logicflows/icon.png","dataSources":["CreditWorkflowReportWF"],"dependencies":["94f9f23a-215b-49c9-afdd-50fed85e3669"],"dependents":[],"parameterHints":{"workflowName":{"value":"6d9ef020-3da5-4d32-a1a6-007de0c7302d"},"workflowEntityId":{},"workflowDisplayName":{"value":"CreditWorkflowReportWF"},"fbfa26a1-abdb-4374-82e3-16a2bc07cc0f":{"value":"shared_sharepointonline_1"},"94f9f23a-215b-49c9-afdd-50fed85e3669":{"value":"shared_sharepointonline_1"}},"parameterHintsV2":{"workflowName":{"value":"6d9ef020-3da5-4d32-a1a6-007de0c7302d"},"workflowEntityId":{},"workflowDisplayName":{"value":"CreditWorkflowReportWF"},"shared_sharepointonline_1":{"value":"94f9f23a-215b-49c9-afdd-50fed85e3669"}},"isOnPremiseConnection":false,"bypassConsent":false,"dataSets":{},"apiTier":"Standard","isCustomApiConnection":false,"actions":["Run"],"nestedActions":[{"id":"/providers/Microsoft.PowerApps/apis/shared_sharepointonline/apiOperations/CreateFile","flowConnectionRef":"shared_sharepointonline_1","apiName":"SharePoint","actionName":"CreateFile","referencedResources":[{"key":"site","value":"https://sterlingbankng.sharepoint.com/sites/PowerPlatformDev"}]}]},"c1ccb907-6f84-4c65-a929-40e2e7d0622a":{"id":"b218f09f-e45c-4df4-a139-50fa6f6e25ff","displayName":"Logic flows","iconUri":"https://conn-afd-prod-endpoint-bmc9bqahasf3grgk.b01.azurefd.net/releases/v1.0.1725/1.0.1725.4004/logicflows/icon.png","dataSources":["DownloadPDFWF"],"dependencies":["94f9f23a-215b-49c9-afdd-50fed85e3669"],"dependents":[],"parameterHints":{"workflowName":{"value":"fc1c3171-4fcf-4375-b466-a427773901c1"},"workflowEntityId":{},"workflowDisplayName":{"value":"DownloadPDFWF"},"fbfa26a1-abdb-4374-82e3-16a2bc07cc0f":{"value":"shared_sharepointonline"},"94f9f23a-215b-49c9-afdd-50fed85e3669":{"value":"shared_sharepointonline"}},"parameterHintsV2":{"workflowName":{"value":"fc1c3171-4fcf-4375-b466-a427773901c1"},"workflowEntityId":{},"workflowDisplayName":{"value":"DownloadPDFWF"},"shared_sharepointonline":{"value":"94f9f23a-215b-49c9-afdd-50fed85e3669"}},"isOnPremiseConnection":false,"bypassConsent":false,"dataSets":{},"apiTier":"Standard","isCustomApiConnection":false,"actions":["Run"],"nestedActions":[{"id":"/providers/Microsoft.PowerApps/apis/shared_sharepointonline/apiOperations/CreateFile","flowConnectionRef":"shared_sharepointonline","apiName":"SharePoint","actionName":"CreateFile","referencedResources":[{"key":"site","value":"https://sterlingbankng.sharepoint.com/pds"}]},{"id":"/providers/Microsoft.PowerApps/apis/shared_sharepointonline/apiOperations/GetFileMetadataByPath","flowConnectionRef":"shared_sharepointonline","apiName":"SharePoint","actionName":"GetFileMetadataByPath","referencedResources":[{"key":"site","value":"https://sterlingbankng.sharepoint.com/pds"}]},{"id":"/providers/Microsoft.PowerApps/apis/shared_sharepointonline/apiOperations/DeleteFile","flowConnectionRef":"shared_sharepointonline","apiName":"SharePoint","actionName":"DeleteFile","referencedResources":[{"key":"site","value":"https://sterlingbankng.sharepoint.com/pds"},{"key":"site","value":"https://sterlingbankng.sharepoint.com/pds"},{"key":"fileId","value":"@outputs('Get_file_metadata_using_path_2')?['body/Id']"}]}]},"942acebd-d40b-4521-ac2b-7c9728a074fc":{"id":"b218f09f-e45c-4df4-a139-50fa6f6e25ff","displayName":"Logic flows","iconUri":"https://conn-afd-prod-endpoint-bmc9bqahasf3grgk.b01.azurefd.net/releases/v1.0.1725/1.0.1725.4004/logicflows/icon.png","dataSources":["GetCustomerInfo"],"dependencies":[],"dependents":[],"parameterHints":{"workflowName":{"value":"d3dfbf6c-b3ed-4e23-8c59-1d6e3cf515b0"},"workflowEntityId":{},"workflowDisplayName":{"value":"GetCustomerInfo"}},"parameterHintsV2":{"workflowName":{"value":"d3dfbf6c-b3ed-4e23-8c59-1d6e3cf515b0"},"workflowEntityId":{},"workflowDisplayName":{"value":"GetCustomerInfo"}},"isOnPremiseConnection":false,"bypassConsent":false,"dataSets":{},"apiTier":"Standard","isCustomApiConnection":false,"actions":["Run"],"nestedActions":[]},"5698dd0c-238a-49bc-ae5a-8cec3668d886":{"id":"b218f09f-e45c-4df4-a139-50fa6f6e25ff","displayName":"Logic flows","iconUri":"https://conn-afd-prod-endpoint-bmc9bqahasf3grgk.b01.azurefd.net/releases/v1.0.1725/1.0.1725.4004/logicflows/icon.png","dataSources":["CreditTaskDeletor"],"dependencies":["1d8c7a61-cb20-4883-bf69-4f0e5887d8fa"],"dependents":[],"parameterHints":{"workflowName":{"value":"65b353bb-aac1-45a7-bda5-df659fc31aef"},"workflowEntityId":{},"workflowDisplayName":{"value":"CreditTaskDeletor"},"1d8c7a61-cb20-4883-bf69-4f0e5887d8fa":{"value":"shared_sql"}},"parameterHintsV2":{"workflowName":{"value":"65b353bb-aac1-45a7-bda5-df659fc31aef"},"workflowEntityId":{},"workflowDisplayName":{"value":"CreditTaskDeletor"},"shared_sql":{"value":"1d8c7a61-cb20-4883-bf69-4f0e5887d8fa"}},"isOnPremiseConnection":false,"bypassConsent":false,"dataSets":{},"apiTier":"Standard","isCustomApiConnection":false,"actions":["Run"],"nestedActions":[{"id":"/providers/Microsoft.PowerApps/apis/shared_sql/apiOperations/GetItem_V2","flowConnectionRef":"shared_sql","apiName":"SQL Server","actionName":"GetItem_V2","referencedResources":[]},{"id":"/providers/Microsoft.PowerApps/apis/shared_sql/apiOperations/GetItems_V2","flowConnectionRef":"shared_sql","apiName":"SQL Server","actionName":"GetItems_V2","referencedResources":[]},{"id":"/providers/Microsoft.PowerApps/apis/shared_sql/apiOperations/DeleteItem_V2","flowConnectionRef":"shared_sql","apiName":"SQL Server","actionName":"DeleteItem_V2","referencedResources":[]},{"id":"/providers/Microsoft.PowerApps/apis/shared_sql/apiOperations/PostItem_V2","flowConnectionRef":"shared_sql","apiName":"SQL Server","actionName":"PostItem_V2","referencedResources":[]}]},"1d8c7a61-cb20-4883-bf69-4f0e5887d8fa":{"id":"b37e93f7-df65-4681-9f2a-8730b8eb1359","xrmConnectionReferenceLogicalName":"livecred_PowerPlatformDB","displayName":"SQL Server","runtimePolicyName":"4d0088f1-245b-4926-9bd0-8db3b6f2e892","executionRestrictions":{"version":1,"modifiedOn":"2025-04-10 08:59:37","appVer":"3.25035.12","apiId":"unknown","policy":"{\"type\":\"unused\"}"},"iconUri":"https://conn-afd-prod-endpoint-bmc9bqahasf3grgk.b01.azurefd.net/releases/v1.0.1746/1.0.1746.4174/sql/icon.png","dataSources":[],"dependencies":[],"dependents":["5698dd0c-238a-49bc-ae5a-8cec3668d886"],"parameterHints":{},"parameterHintsV2":{},"isOnPremiseConnection":false,"sharedConnectionId":"0423e0c9-6c23-4c0d-9a4c-368af35fa070","bypassConsent":false,"dataSets":{},"apiTier":"Premium","isCustomApiConnection":false,"authenticationType":"sqlAuthentication","endpoints":["az-condb-serv.database.windows.net,Power_Platform_LIVE"]},"89f64dc9-8333-4085-be1a-82ee86eb66bf":{"id":"b37e93f7-df65-4681-9f2a-8730b8eb1359","displayName":"SQL Server","runtimePolicyName":"99e740de-c1b7-4280-b922-cfe8fc099a3c","executionRestrictions":{"version":2,"modifiedOn":"2025-04-10 08:59:37","appVer":"3.25035.12","apiId":"/providers/microsoft.powerapps/apis/shared_sql","apiVer":2,"policy":"{\"tabularActions\":{\"[dbo].[nibcreditportalaudittable]\":[\"post\",\"patch\",\"get\"],\"[dbo].[creditdetailsdraft]\":[\"post\",\"patch\",\"get\",\"delete\"],\"[dbo].[creditdetails]\":[\"post\",\"patch\",\"get\"],\"[dbo].[credittransactionssummary]\":[\"post\",\"patch\",\"get\",\"delete\"],\"[dbo].[creditchecks]\":[\"post\",\"patch\",\"get\"],\"[dbo].[creditexistingexposure]\":[\"post\",\"patch\",\"get\",\"delete\"],\"[dbo].[creditportalapproverdetails]\":[\"post\",\"patch\",\"get\"]},\"serviceActions\":[]}"},"iconUri":"https://conn-afd-prod-endpoint-bmc9bqahasf3grgk.b01.azurefd.net/releases/v1.0.1746/1.0.1746.4174/sql/icon.png","dataSources":["IRP_T24Users","BranchInformation","CreditPortalAuditTable","API_Audit","CreditPortalApproverDetails","CreditChecks","CreditExistingExposure","NIBCreditPortalAuditTable","CreditDetailsDraft","CreditTransactionsSummary","CreditDetails"],"dependencies":[],"dependents":[],"parameterHints":{},"parameterHintsV2":{},"isOnPremiseConnection":false,"sharedConnectionId":"d3899dcd-82ca-480c-84a8-4a2a676be4f8","bypassConsent":false,"dataSets":{"az-condb-serv.database.windows.net,Power_Platform":{"dataSources":{"CreditPortalAuditTable":{"tableName":"[dbo].[CreditPortalAuditTable]"},"API_Audit":{"tableName":"[dbo].[API_Audit]"},"BranchInformation":{"tableName":"[dbo].[BranchInformation]"},"CreditTransactionsSummary":{"tableName":"[dbo].[CreditTransactionsSummary]"},"CreditPortalApproverDetails":{"tableName":"[dbo].[CreditPortalApproverDetails]"},"CreditExistingExposure":{"tableName":"[dbo].[CreditExistingExposure]"},"CreditChecks":{"tableName":"[dbo].[CreditChecks]"},"CreditDetails":{"tableName":"[dbo].[CreditDetails]"},"CreditDetailsDraft":{"tableName":"[dbo].[CreditDetailsDraft]"}}}},"apiTier":"Premium","isCustomApiConnection":false,"authenticationType":"sqlAuthentication","actions":["providers/PowerPlatform.Governance/Operations/Read","providers/PowerPlatform.Governance/Operations/Write","providers/PowerPlatform.Governance/Operations/Delete"],"endpoints":["az-condb-serv.database.windows.net,Power_Platform"]},"2952c7d8-463e-47f5-99f9-6108ae1e6f29":{"id":"fcc466e4-78a0-4a02-8ad2-0487be2d3432","displayName":"Office 365 Users","iconUri":"https://conn-afd-prod-endpoint-bmc9bqahasf3grgk.b01.azurefd.net/releases/v1.0.1735/1.0.1735.4103/office365users/icon.png","dataSources":["Office365Users"],"dependencies":[],"dependents":[],"parameterHints":{},"parameterHintsV2":{},"isOnPremiseConnection":false,"bypassConsent":false,"dataSets":{},"apiTier":"Standard","isCustomApiConnection":false,"actions":["MyProfile_V2","Manager","MyProfile"]},"4d1923e2-7879-437d-b433-a141a08dc231":{"id":"3d4ebc54-761e-4629-a4a9-6df20bdcdada","displayName":"Office 365 Groups","iconUri":"https://conn-afd-prod-endpoint-bmc9bqahasf3grgk.b01.azurefd.net/releases/v1.0.1681/1.0.1681.3663/office365groups/icon.png","dataSources":["Office365Groups"],"dependencies":[],"dependents":[],"parameterHints":{},"parameterHintsV2":{},"isOnPremiseConnection":false,"bypassConsent":false,"dataSets":{},"apiTier":"Standard","isCustomApiConnection":false,"actions":["ListGroups","ListGroupMembers"]},"e8d06eca-b2c1-4f4d-b2b4-70120741d7c0":{"id":"b37e93f7-df65-4681-9f2a-8730b8eb1359","xrmConnectionReferenceLogicalName":"livecred_PowerPlatformDB","displayName":"SQL Server","runtimePolicyName":"61a228a5-6c68-4629-b69e-ade9c6463983","executionRestrictions":{"version":2,"modifiedOn":"2025-04-10 08:59:37","appVer":"3.25035.12","apiId":"/providers/microsoft.powerapps/apis/shared_sql","apiVer":2,"policy":"{\"tabularActions\":{\"[dbo].[nibcreditportalaudittable]\":[\"post\",\"patch\",\"get\"],\"[dbo].[creditdetailsdraft]\":[\"post\",\"patch\",\"get\",\"delete\"],\"[dbo].[creditdetails]\":[\"post\",\"patch\",\"get\"],\"[dbo].[credittransactionssummary]\":[\"post\",\"patch\",\"get\",\"delete\"],\"[dbo].[creditchecks]\":[\"post\",\"patch\",\"get\"],\"[dbo].[creditexistingexposure]\":[\"post\",\"patch\",\"get\",\"delete\"],\"[dbo].[creditportalapproverdetails]\":[\"post\",\"patch\",\"get\"]},\"serviceActions\":[]}"},"iconUri":"https://conn-afd-prod-endpoint-bmc9bqahasf3grgk.b01.azurefd.net/releases/v1.0.1746/1.0.1746.4174/sql/icon.png","dataSources":["IRP_T24Users"],"dependencies":[],"dependents":[],"parameterHints":{},"parameterHintsV2":{},"isOnPremiseConnection":false,"sharedConnectionId":"d3899dcd-82ca-480c-84a8-4a2a676be4f8","bypassConsent":false,"dataSets":{"az-condb-serv.database.windows.net,Power_Platform_LIVE":{"dataSources":{"IRP_T24Users":{"tableName":"[dbo].[IRP_T24Users]"}}}},"apiTier":"Premium","isCustomApiConnection":false,"authenticationType":"sqlAuthentication","endpoints":["az-condb-serv.database.windows.net,Power_Platform_LIVE"]},"53fe4407-a4ea-47d8-9bae-05a9e71b4fb1":{"id":"b37e93f7-df65-4681-9f2a-8730b8eb1359","xrmConnectionReferenceLogicalName":"powdev_shared-sql-4ab9dc8c-b80f-4cc8-8020-0ecfbad8c67e","displayName":"SQL Server","runtimePolicyName":"784b5815-8639-4b40-bb2d-d4900e112243","executionRestrictions":{"version":2,"modifiedOn":"2025-04-10 08:59:37","appVer":"3.25035.12","apiId":"/providers/microsoft.powerapps/apis/shared_sql","apiVer":2,"policy":"{\"tabularActions\":{\"[dbo].[nibcreditportalaudittable]\":[\"post\",\"patch\",\"get\"],\"[dbo].[creditdetailsdraft]\":[\"post\",\"patch\",\"get\",\"delete\"],\"[dbo].[creditdetails]\":[\"post\",\"patch\",\"get\"],\"[dbo].[credittransactionssummary]\":[\"post\",\"patch\",\"get\",\"delete\"],\"[dbo].[creditchecks]\":[\"post\",\"patch\",\"get\"],\"[dbo].[creditexistingexposure]\":[\"post\",\"patch\",\"get\",\"delete\"],\"[dbo].[creditportalapproverdetails]\":[\"post\",\"patch\",\"get\"]},\"serviceActions\":[]}"},"iconUri":"https://conn-afd-prod-endpoint-bmc9bqahasf3grgk.b01.azurefd.net/releases/v1.0.1746/1.0.1746.4174/sql/icon.png","dataSources":["NIBCreditPortalAuditTable"],"dependencies":[],"dependents":[],"parameterHints":{},"parameterHintsV2":{},"isOnPremiseConnection":false,"sharedConnectionId":"d3899dcd-82ca-480c-84a8-4a2a676be4f8","bypassConsent":false,"dataSets":{"az-condb-serv.database.windows.net,Power_Platform":{"dataSources":{"NIBCreditPortalAuditTable":{"tableName":"[dbo].[NIBCreditPortalAuditTable]"}}}},"apiTier":"Premium","isCustomApiConnection":false,"authenticationType":"sqlAuthentication","actions":["providers/PowerPlatform.Governance/Operations/Read","providers/PowerPlatform.Governance/Operations/Write"],"endpoints":["az-condb-serv.database.windows.net,Power_Platform"]}},"databaseReferences":{},"almMode":"Environment","performanceOptimizationEnabled":true,"canConsumeAppPass":false,"enableModernRuntimeMode":false,"executionRestrictions":{"isTeamsOnly":false,"dataLossPreventionEvaluationResult":{"status":"Compliant","lastEvaluationDate":"2025-04-10T09:00:12.739294Z","violations":[],"violationsByPolicy":[],"violationErrorMessage":"The app uses the following connectors: shared_sharepointonline, shared_logicflows, shared_onedriveforbusiness, shared_office365, shared_sql, shared_office365users, shared_office365groups."},"httpActionRestriction":{"appUsesSharepointHttpAction":false,"enforcementStrategy":"Legacy","evaluationTime":"2025-04-10T09:00:12.739123Z"}}},"isAppComponentLibrary":false,"appType":"ClassicCanvasApp","appComponents":[]}}