{"name":"a8353caa-a482-48d3-8e98-216118b9c09b","id":"/providers/Microsoft.Flow/flows/a8353caa-a482-48d3-8e98-216118b9c09b","type":"Microsoft.Flow/flows","properties":{"apiId":"/providers/Microsoft.PowerApps/apis/shared_logicflows","displayName":"CreditWorkflowReportWF","definition":{"metadata":{"workflowEntityId":null,"processAdvisorMetadata":null,"flowChargedByPaygo":null,"flowclientsuspensionreason":"None","flowclientsuspensiontime":null,"flowclientsuspensionreasondetails":"","creator":{"id":"725dd331-ccc6-40b8-9522-455769323cfa","type":"User","tenantId":"4c8a9f7a-11fc-4fc2-9099-0b68f72a197e"},"provisioningMethod":"FromDefinition","failureAlertSubscription":true,"clientLastModifiedTime":"2025-04-16T01:21:50.7712075Z","connectionKeySavedTimeKey":"2025-06-07T04:04:02.8492125Z","creationSource":null},"$schema":"https://schema.management.azure.com/providers/Microsoft.Logic/schemas/2016-06-01/workflowdefinition.json#","contentVersion":"1.0.0.0","parameters":{"$connections":{"defaultValue":{},"type":"Object"},"$authentication":{"defaultValue":{},"type":"SecureObject"}},"triggers":{"manual":{"metadata":{"operationMetadataId":"3df06b0f-b565-4efe-ac96-7a8f522a6591"},"type":"Request","kind":"PowerAppV2","inputs":{"schema":{"type":"object","properties":{"text":{"title":"reportdata","type":"string","x-ms-dynamically-added":true,"description":"Please enter your input","x-ms-content-hint":"TEXT"}},"required":["text"]}}}},"actions":{"Parse_JSON":{"runAfter":{},"metadata":{"operationMetadataId":"743a6520-62ac-44a5-a6a1-60a5f6be9041"},"type":"ParseJson","inputs":{"content":"@triggerBody()['text']","schema":{"type":"array","items":{"type":"object","properties":{"Amount":{},"Branch":{},"CurrentStatus":{},"CustomerAccountNo":{},"CustomerMobile":{},"CustomerName":{},"CustomerType":{},"DisbursementStatus":{},"FacilityCategory":{},"FacilityPurpose":{},"FacilityType":{},"LegalStatus":{},"MarketSegment":{},"MarkupYield":{},"ProposedCollateralType":{},"RepaymentMode":{},"RepaymentSource":{},"RequesterName":{},"ReviewType":{},"Sector":{"type":"string"},"ShariaStatus":{},"Tenor":{},"Title":{}},"required":["Amount"]}}}},"Create_CSV_table":{"runAfter":{"Parse_JSON":["Succeeded"]},"metadata":{"operationMetadataId":"ff175590-a4bb-45ab-96cc-18c17912b654"},"type":"Table","inputs":{"from":"@body('Parse_JSON')","format":"CSV"}},"Create_file_":{"runAfter":{"Create_CSV_table":["Succeeded"]},"metadata":{"operationMetadataId":"ba879f65-0fae-4fdb-bacc-c992dbfe2df9"},"type":"OpenApiConnection","inputs":{"host":{"apiId":"/providers/Microsoft.PowerApps/apis/shared_sharepointonline","connectionName":"shared_sharepointonline_1","operationId":"CreateFile"},"parameters":{"dataset":"https://sterlingbankng.sharepoint.com/sites/PowerPlatformDev","folderPath":"/FilesTest","name":"CreditProcessingworkflow_export_@{formatDateTime(utcNow(), 'yyyyMMddhhmmss')}.csv","body":"@concat(uriComponentToString('%EF%BB%BF'),body('Create_CSV_table'))"},"authentication":{"value":"@json(decodeBase64(triggerOutputs().headers['X-MS-APIM-Tokens']))['$ConnectionKey']","type":"Raw"}},"runtimeConfiguration":{"contentTransfer":{"transferMode":"Chunked"}}},"ComposePath":{"runAfter":{"Create_file_":["Succeeded"]},"metadata":{"operationMetadataId":"591c222d-61b5-4690-a092-ad23e38e911b"},"type":"Compose","inputs":"https://sterlingbankng.sharepoint.com/sites/PowerPlatformDev/@{outputs('Create_file_')?['body/Path']}"},"Respond_to_a_PowerApp_or_flow":{"runAfter":{"ComposePath":["Succeeded"]},"metadata":{"operationMetadataId":"c34e8032-243d-4b13-ae55-f92bd1d59186"},"type":"Response","kind":"PowerApp","inputs":{"statusCode":200,"body":{"reportresult":"@{outputs('ComposePath')}"},"schema":{"type":"object","properties":{"reportresult":{"title":"reportResult","x-ms-dynamically-added":true,"type":"string"}}}}}},"outputs":{}},"connectionReferences":{"shared_sharepointonline_1":{"connectionName":"shared-sharepointonl-26417d78-1a68-46ca-b805-db8a98cd5154","source":"Invoker","id":"/providers/Microsoft.PowerApps/apis/shared_sharepointonline","tier":"NotSpecified","apiName":"sharepointonline","isProcessSimpleApiReferenceConversionAlreadyDone":false}},"flowFailureAlertSubscribed":false,"isManaged":false}}