{"name":"6f8fd40c-261c-41d2-bafc-23a72d667b0d","id":"/providers/Microsoft.Flow/flows/6f8fd40c-261c-41d2-bafc-23a72d667b0d","type":"Microsoft.Flow/flows","properties":{"apiId":"/providers/Microsoft.PowerApps/apis/shared_logicflows","displayName":"GetCustomerInfo","definition":{"metadata":{"workflowEntityId":null,"processAdvisorMetadata":null,"flowChargedByPaygo":null,"flowclientsuspensionreason":"None","flowclientsuspensiontime":null,"flowclientsuspensionreasondetails":null,"creator":{"id":"725dd331-ccc6-40b8-9522-455769323cfa","type":"User","tenantId":"4c8a9f7a-11fc-4fc2-9099-0b68f72a197e"},"provisioningMethod":"FromDefinition","failureAlertSubscription":true,"clientLastModifiedTime":"2025-03-07T15:44:12.8353003Z","connectionKeySavedTimeKey":"2025-06-08T17:09:01.7258431Z","creationSource":null},"$schema":"https://schema.management.azure.com/providers/Microsoft.Logic/schemas/2016-06-01/workflowdefinition.json#","contentVersion":"1.0.0.0","parameters":{"$authentication":{"defaultValue":{},"type":"SecureObject"}},"triggers":{"manual":{"metadata":{"operationMetadataId":"7835589c-a2c2-490d-9938-b212db374194"},"type":"Request","kind":"PowerAppV2","inputs":{"schema":{"type":"object","properties":{"text":{"title":"nuban","type":"string","x-ms-dynamically-added":true,"description":"\"\"","x-ms-content-hint":"TEXT"}},"required":["text"]}}}},"actions":{"HTTP":{"runAfter":{},"metadata":{"operationMetadataId":"30c9d0ba-ea7a-40f9-bf1a-9b449830882c"},"type":"Http","inputs":{"method":"GET","uri":"https://seabaaswrapper-qa.sterling.ng/live/@{triggerBody()['text']} ","headers":{"Authorization":"eYjUsnjjdjj2304nchdudiidi02994048.SterlinGBanK0210283j03nDamirOluFUNmiSO993.Ijdh2j32j46j6"}}},"Parse_JSON":{"runAfter":{"HTTP":["Succeeded"]},"metadata":{"operationMetadataId":"270b1474-7e8d-4adb-88f3-366dd0970912"},"type":"ParseJson","inputs":{"content":"@body('HTTP')","schema":{"type":"object","properties":{"BankAccountFullInfo":{"type":"object","properties":{"NUBAN":{"type":["string","null"]},"BRA_CODE":{"type":["string","null"]},"DES_ENG":{"type":["string","null"]},"CUS_NUM":{"type":["string","null"]},"CUR_CODE":{"type":["string","null"]},"LED_CODE":{"type":["string","null"]},"CUS_SHO_NAME":{"type":["string","null"]},"AccountGroup":{"type":["string","null"]},"CustomerStatus":{"type":["string","null"]},"ADD_LINE1":{"type":["string","null"]},"ADD_LINE2":{"type":["string","null"]},"MOB_NUM":{"type":["string","null"]},"email":{"type":["string","null"]},"ACCT_NO":{"type":["string","null"]},"MAP_ACC_NO":{"type":["string","null"]},"ACCT_TYPE":{"type":["string","null"]},"ISO_ACCT_TYPE":{"type":["string","null"]},"TEL_NUM":{"type":["string","null"]},"DATE_OPEN":{"type":["string","null"]},"STA_CODE":{"type":["string","null"]},"CLE_BAL":{"type":["string","null"]},"CRNT_BAL":{"type":["string","null"]},"TOT_BLO_FUND":{"type":["string","null"]},"INTRODUCER":{"type":["string","null"]},"DATE_BAL_CHA":{"type":["string","null"]},"NAME_LINE1":{"type":["string","null"]},"NAME_LINE2":{"type":["string","null"]},"BVN":{"type":["string","null"]},"REST_FLAG":{"type":["string","null"]},"RESTRICTION":{"type":"array","items":{"type":"object","properties":{"RestrictionCode":{},"RestrictionDescription":{}},"required":["RestrictionCode","RestrictionDescription"]}},"IsSMSSubscriber":{"type":["string","null"]},"Alt_Currency":{"type":["string","null"]},"Currency_Code":{"type":["string","null"]},"T24_BRA_CODE":{"type":["string","null"]},"T24_CUS_NUM":{"type":["string","null"]},"T24_CUR_CODE":{"type":["string","null"]},"T24_LED_CODE":{"type":["string","null"]},"OnlineActualBalance":{"type":["string","null"]},"OnlineClearedBalance":{"type":["string","null"]},"OpenActualBalance":{"type":["string","null"]},"OpenClearedBalance":{"type":["string","null"]},"WorkingBalance":{"type":["string","null"]},"CustomerStatusCode":{"type":["string","null"]},"CustomerStatusDeecp":{"type":["string","null"]},"LimitID":{},"LimitAmt":{"type":["string","null"]},"MinimumBal":{"type":["string","null"]},"UsableBal":{"type":["string","null"]},"AccountDescp":{"type":["string","null"]},"CourtesyTitle":{"type":["string","null"]},"AccountTitle":{"type":["string","null"]}}}}}}},"Respond_to_a_PowerApp_or_flow":{"runAfter":{"Compose":["Succeeded"]},"metadata":{"operationMetadataId":"da14ddd2-ddbf-45e9-92d7-facb4a84a65f"},"type":"Response","kind":"PowerApp","inputs":{"statusCode":200,"body":{"accountnumber":"@body('Parse_JSON')?['BankAccountFullInfo']?['NUBAN']","accountname":"@body('Parse_JSON')?['BankAccountFullInfo']?['CUS_SHO_NAME']","accountbalance":"@body('Parse_JSON')?['BankAccountFullInfo']?['CRNT_BAL']","customeremail":"@body('Parse_JSON')?['BankAccountFullInfo']?['email']","customerphone":"@body('Parse_JSON')?['BankAccountFullInfo']?['TEL_NUM']","branchcode":"@body('Parse_JSON')?['BankAccountFullInfo']?['BRA_CODE']","id":"@body('Parse_JSON')?['BankAccountFullInfo']?['CUS_NUM']","response":"Account Found","type":"@body('Parse_JSON')?['BankAccountFullInfo']?['ACCT_TYPE']","bvn":"@body('Parse_JSON')?['BankAccountFullInfo']?['BVN']","status":"@body('Parse_JSON')?['BankAccountFullInfo']?['CustomerStatus']","category":"@body('Parse_JSON')?['BankAccountFullInfo']?['AccountGroup']","ccy":"@body('Parse_JSON')?['BankAccountFullInfo']?['CUR_CODE']","customeraddress":"@{body('Parse_JSON')?['BankAccountFullInfo']?['ADD_LINE1']}"},"schema":{"type":"object","properties":{"accountnumber":{"title":"AccountNumber","x-ms-dynamically-added":true,"type":"string"},"accountname":{"title":"AccountName","x-ms-dynamically-added":true,"type":"string"},"accountbalance":{"title":"AccountBalance","x-ms-dynamically-added":true,"type":"string"},"customeremail":{"title":"CustomerEmail","x-ms-dynamically-added":true,"type":"string"},"customerphone":{"title":"CustomerPhone","x-ms-dynamically-added":true,"type":"string"},"branchcode":{"title":"BranchCode","x-ms-dynamically-added":true,"type":"string"},"id":{"title":"id","x-ms-dynamically-added":true,"type":"string"},"response":{"title":"response","x-ms-dynamically-added":true,"type":"string"},"type":{"title":"type","x-ms-dynamically-added":true,"type":"string"},"bvn":{"title":"bvn","x-ms-dynamically-added":true,"type":"string"},"status":{"title":"status","x-ms-dynamically-added":true,"type":"string"},"category":{"title":"category","x-ms-dynamically-added":true,"type":"string"},"ccy":{"title":"ccy","x-ms-dynamically-added":true,"type":"string"},"customeraddress":{"title":"CustomerAddress","x-ms-dynamically-added":true,"type":"string"}}}}},"Compose":{"runAfter":{"Parse_JSON":["Succeeded"]},"metadata":{"operationMetadataId":"728dd238-d7a8-4c2d-85a1-6bc4dec8b7c1"},"type":"Compose","inputs":"@body('Parse_JSON')?['BankAccountFullInfo']?['CUS_NUM']"}}},"connectionReferences":{},"flowFailureAlertSubscribed":false,"isManaged":false}}