{"name":"26a7ce17-9bd5-4ef2-84c8-f5907da7b150","id":"/providers/Microsoft.Flow/flows/26a7ce17-9bd5-4ef2-84c8-f5907da7b150","type":"Microsoft.Flow/flows","properties":{"apiId":"/providers/Microsoft.PowerApps/apis/shared_logicflows","displayName":"CreditPDFSenderWF","definition":{"metadata":{"workflowEntityId":null,"processAdvisorMetadata":null,"flowChargedByPaygo":null,"flowclientsuspensionreason":"None","flowclientsuspensiontime":null,"flowclientsuspensionreasondetails":null,"creator":{"id":"725dd331-ccc6-40b8-9522-455769323cfa","type":"User","tenantId":"4c8a9f7a-11fc-4fc2-9099-0b68f72a197e"},"provisioningMethod":"FromDefinition","failureAlertSubscription":true,"clientLastModifiedTime":"2025-03-07T15:49:50.0279625Z","connectionKeySavedTimeKey":"2025-06-07T14:35:00.1484364Z","creationSource":null},"$schema":"https://schema.management.azure.com/providers/Microsoft.Logic/schemas/2016-06-01/workflowdefinition.json#","contentVersion":"1.0.0.0","parameters":{"$connections":{"defaultValue":{},"type":"Object"},"$authentication":{"defaultValue":{},"type":"SecureObject"}},"triggers":{"manual":{"metadata":{"operationMetadataId":"b8bea031-db44-43af-b69c-b7473ab5488e"},"type":"Request","kind":"PowerAppV2","inputs":{"schema":{"type":"object","properties":{"text":{"title":"htmlInput","type":"string","x-ms-dynamically-added":true,"description":"Please enter your input","x-ms-content-hint":"TEXT"},"text_1":{"title":"nameOfFile","type":"string","x-ms-dynamically-added":true,"description":"Please enter your input","x-ms-content-hint":"TEXT"},"text_2":{"title":"sender","type":"string","x-ms-dynamically-added":true,"description":"Please enter your input","x-ms-content-hint":"TEXT"}},"required":["text","text_1","text_2"]}}}},"actions":{"Initialize_variable":{"runAfter":{},"metadata":{"operationMetadataId":"090b07f4-9625-4944-a5b7-23b79d275357"},"type":"InitializeVariable","inputs":{"variables":[{"name":"varSectionArray","type":"array"}]}},"Create_file_Policy_Document":{"runAfter":{"ComposeHTML":["Succeeded"]},"metadata":{"operationMetadataId":"dfee88dd-90f7-4d9a-abe3-f854e2a8ae7d"},"type":"OpenApiConnection","inputs":{"host":{"apiId":"/providers/Microsoft.PowerApps/apis/shared_onedriveforbusiness","connectionName":"shared_onedriveforbusiness_1","operationId":"CreateFile"},"parameters":{"folderPath":"/Document Management Folder","name":"@{triggerBody()['text_1']}.html","body":"@outputs('ComposeHTML')"},"authentication":{"value":"@json(decodeBase64(triggerOutputs().headers['X-MS-APIM-Tokens']))['$ConnectionKey']","type":"Raw"}},"runtimeConfiguration":{"contentTransfer":{"transferMode":"Chunked"}}},"Convert_file":{"runAfter":{"Create_file_Policy_Document":["Succeeded"]},"metadata":{"operationMetadataId":"feaa406c-3e1b-4b05-a3a9-b59845be1f16"},"type":"OpenApiConnection","inputs":{"host":{"apiId":"/providers/Microsoft.PowerApps/apis/shared_onedriveforbusiness","connectionName":"shared_onedriveforbusiness_2","operationId":"ConvertFile"},"parameters":{"id":"@outputs('Create_file_Policy_Document')?['body/Id']","type":"PDF"},"authentication":{"value":"@json(decodeBase64(triggerOutputs().headers['X-MS-APIM-Tokens']))['$ConnectionKey']","type":"Raw"}}},"Get_file_content_-_img":{"runAfter":{"Initialize_variable":["Succeeded"]},"metadata":{"%252fSiteAssets%252fsterlinglogo.png":"/SiteAssets/sterlinglogo.png","operationMetadataId":"7aaf704a-655d-4949-bbc4-7b2363e3b89d"},"type":"OpenApiConnection","inputs":{"host":{"apiId":"/providers/Microsoft.PowerApps/apis/shared_sharepointonline","connectionName":"shared_sharepointonline_1","operationId":"GetFileContent"},"parameters":{"dataset":"https://sterlingbankng.sharepoint.com/sites/Dev/dms","id":"%252fSiteAssets%252fsterlinglogo.png","inferContentType":true},"authentication":{"value":"@json(decodeBase64(triggerOutputs().headers['X-MS-APIM-Tokens']))['$ConnectionKey']","type":"Raw"}}},"Create_file":{"runAfter":{"Convert_file":["Succeeded"]},"metadata":{"operationMetadataId":"a8465cba-da18-4b72-bc66-97b68c8eb1ba"},"type":"OpenApiConnection","inputs":{"host":{"apiId":"/providers/Microsoft.PowerApps/apis/shared_onedriveforbusiness","connectionName":"shared_onedriveforbusiness_2","operationId":"CreateFile"},"parameters":{"folderPath":"/Documents/DMS","name":"@{triggerBody()['text_1']}.pdf","body":"@body('Convert_file')"},"authentication":{"value":"@json(decodeBase64(triggerOutputs().headers['X-MS-APIM-Tokens']))['$ConnectionKey']","type":"Raw"}},"runtimeConfiguration":{"contentTransfer":{"transferMode":"Chunked"}}},"Append_to_array_variable":{"runAfter":{"Get_file_content":["Succeeded"]},"metadata":{"operationMetadataId":"b3a5826a-45b1-41e7-9f2c-40ec98d250c0"},"type":"AppendToArrayVariable","inputs":{"name":"varSectionArray","value":{"Name":"","ContentBytes":""}}},"Get_file_content":{"runAfter":{"Create_file":["Succeeded"]},"metadata":{"operationMetadataId":"b1fbf9ac-0256-437f-a343-65a830ff782b"},"type":"OpenApiConnection","inputs":{"host":{"apiId":"/providers/Microsoft.PowerApps/apis/shared_onedriveforbusiness","connectionName":"shared_onedriveforbusiness_2","operationId":"GetFileContent"},"parameters":{"id":"@outputs('Create_file')?['body/Id']","inferContentType":true},"authentication":{"value":"@json(decodeBase64(triggerOutputs().headers['X-MS-APIM-Tokens']))['$ConnectionKey']","type":"Raw"}}},"ComposeImageTag":{"runAfter":{"Get_file_content_-_img":["Succeeded"]},"metadata":{"operationMetadataId":"c0b6ea1f-57e4-48ea-b23d-746c466a392a"},"type":"Compose","inputs":"<img src=\"data:image/png;base64,@{outputs('Get_file_content_-_img')?['body']?['$content']}\" style='width: 100px;'>"},"ComposeHTML":{"runAfter":{"ComposeImageTag":["Succeeded"]},"metadata":{"operationMetadataId":"0774d72a-5374-41c1-8bb0-882acd9ada33"},"type":"Compose","inputs":"@replace(triggerBody()['text'], '[xxx-xxx]', outputs('ComposeImageTag'))"},"Send_an_email_(V2)":{"runAfter":{"Append_to_array_variable":["Succeeded"]},"metadata":{"operationMetadataId":"83308c94-eba7-4a54-927d-49b1b199abc7"},"type":"OpenApiConnection","inputs":{"host":{"apiId":"/providers/Microsoft.PowerApps/apis/shared_office365","connectionName":"shared_office365_1","operationId":"SendEmailV2"},"parameters":{"emailMessage/To":"@triggerBody()['text_2']","emailMessage/Subject":" @{triggerBody()['text_1']} ","emailMessage/Body":"<p>Hello ,<br>\n<br>\nYour file &nbsp;is ready . Please find attached</p>","emailMessage/Attachments":[{"Name":"@{triggerBody()['text_1']}.pdf","ContentBytes":"@body('Get_file_content')"}],"emailMessage/Importance":"Normal"},"authentication":{"value":"@json(decodeBase64(triggerOutputs().headers['X-MS-APIM-Tokens']))['$ConnectionKey']","type":"Raw"}}},"Delete_file":{"runAfter":{"Terminate":["Succeeded"]},"metadata":{"operationMetadataId":"c6290668-2147-4c6f-b536-eabc60282a1f"},"type":"OpenApiConnection","inputs":{"host":{"apiId":"/providers/Microsoft.PowerApps/apis/shared_onedriveforbusiness","connectionName":"shared_onedriveforbusiness_2","operationId":"DeleteFile"},"parameters":{"id":"@outputs('Create_file')?['body/Id']"},"authentication":{"value":"@json(decodeBase64(triggerOutputs().headers['X-MS-APIM-Tokens']))['$ConnectionKey']","type":"Raw"}}},"Delete_file_2":{"runAfter":{"Delete_file":["Succeeded"]},"metadata":{"operationMetadataId":"5629103d-130f-4b16-8b96-e9b557a9bbe2"},"type":"OpenApiConnection","inputs":{"host":{"apiId":"/providers/Microsoft.PowerApps/apis/shared_onedriveforbusiness","connectionName":"shared_onedriveforbusiness_2","operationId":"DeleteFile"},"parameters":{"id":"@outputs('Create_file_Policy_Document')?['body/Id']"},"authentication":{"value":"@json(decodeBase64(triggerOutputs().headers['X-MS-APIM-Tokens']))['$ConnectionKey']","type":"Raw"}}},"Terminate":{"runAfter":{"Send_an_email_(V2)":["Succeeded"]},"metadata":{"operationMetadataId":"aa03b7cc-cb03-4cff-b970-5cae8208b9a7"},"type":"Terminate","inputs":{"runStatus":"Succeeded"}}},"outputs":{}},"connectionReferences":{"shared_onedriveforbusiness_1":{"connectionName":"shared-onedriveforbu-bd1ba03f-3772-49b5-9ff2-04f9d888ae71","source":"Invoker","id":"/providers/Microsoft.PowerApps/apis/shared_onedriveforbusiness","tier":"NotSpecified","apiName":"onedriveforbusiness","isProcessSimpleApiReferenceConversionAlreadyDone":false},"shared_onedriveforbusiness_2":{"connectionName":"shared-onedriveforbu-bd1ba03f-3772-49b5-9ff2-04f9d888ae71","source":"Invoker","id":"/providers/Microsoft.PowerApps/apis/shared_onedriveforbusiness","tier":"NotSpecified","apiName":"onedriveforbusiness","isProcessSimpleApiReferenceConversionAlreadyDone":false},"shared_sharepointonline_1":{"connectionName":"shared-sharepointonl-26417d78-1a68-46ca-b805-db8a98cd5154","source":"Invoker","id":"/providers/Microsoft.PowerApps/apis/shared_sharepointonline","tier":"NotSpecified","apiName":"sharepointonline","isProcessSimpleApiReferenceConversionAlreadyDone":false},"shared_office365_1":{"connectionName":"e93f6847bc914e59aa7337525e2e8ae7","source":"Invoker","id":"/providers/Microsoft.PowerApps/apis/shared_office365","tier":"NotSpecified","apiName":"office365","isProcessSimpleApiReferenceConversionAlreadyDone":false}},"flowFailureAlertSubscribed":false,"isManaged":false}}