{"name":"a391a3dd-2f6b-4b32-ad55-0f7e713595bc","id":"/providers/Microsoft.Flow/flows/a391a3dd-2f6b-4b32-ad55-0f7e713595bc","type":"Microsoft.Flow/flows","properties":{"apiId":"/providers/Microsoft.PowerApps/apis/shared_logicflows","displayName":"CreditTaskDeletor","definition":{"metadata":{"workflowEntityId":null,"processAdvisorMetadata":null,"flowChargedByPaygo":null,"flowclientsuspensionreason":"None","flowclientsuspensiontime":null,"flowclientsuspensionreasondetails":null,"creator":{"id":"725dd331-ccc6-40b8-9522-455769323cfa","type":"User","tenantId":"4c8a9f7a-11fc-4fc2-9099-0b68f72a197e"},"provisioningMethod":"FromDefinition","failureAlertSubscription":true,"clientLastModifiedTime":"2025-01-06T10:48:10.3351499Z","connectionKeySavedTimeKey":"2025-06-02T16:24:03.2259439Z"},"$schema":"https://schema.management.azure.com/providers/Microsoft.Logic/schemas/2016-06-01/workflowdefinition.json#","contentVersion":"1.0.0.0","parameters":{"$connections":{"defaultValue":{},"type":"Object"},"$authentication":{"defaultValue":{},"type":"SecureObject"}},"triggers":{"manual":{"metadata":{"operationMetadataId":"384c0bcc-28d9-4a08-9d43-34d44737fcdd"},"type":"Request","kind":"PowerAppV2","inputs":{"schema":{"type":"object","properties":{"number":{"title":"RequestID","type":"number","x-ms-dynamically-added":true,"description":"Please enter a number","x-ms-content-hint":"NUMBER"},"text":{"title":"UserEmail","type":"string","x-ms-dynamically-added":true,"description":"Please enter your input","x-ms-content-hint":"TEXT"}},"required":["number","text"]}}}},"actions":{"Get_row_Detail":{"runAfter":{},"metadata":{"operationMetadataId":"d87a7091-7f4f-4ff1-b0cc-b6c4dde777c4"},"type":"OpenApiConnection","inputs":{"host":{"apiId":"/providers/Microsoft.PowerApps/apis/shared_sql","connectionName":"shared_sql","operationId":"GetItem_V2"},"parameters":{"server":"default","database":"default","table":"[dbo].[CreditDetails]","id":"@triggerBody()['number']"},"authentication":{"value":"@json(decodeBase64(triggerOutputs().headers['X-MS-APIM-Tokens']))['$ConnectionKey']","type":"Raw"}}},"GetRowsApproverTasks":{"runAfter":{"Get_row_Detail":["Succeeded"]},"metadata":{"operationMetadataId":"6018b74f-a633-40a4-b012-1fc0cb95bfc7"},"type":"OpenApiConnection","inputs":{"host":{"apiId":"/providers/Microsoft.PowerApps/apis/shared_sql","connectionName":"shared_sql","operationId":"GetItems_V2"},"parameters":{"server":"default","database":"default","table":"[dbo].[CreditPortalApproverDetails]","$filter":"HeaderID eq '@{triggerBody()['number']}'"},"authentication":{"value":"@json(decodeBase64(triggerOutputs().headers['X-MS-APIM-Tokens']))['$ConnectionKey']","type":"Raw"}}},"Apply_to_each_Delete_All_Tasks":{"foreach":"@outputs('GetRowsApproverTasks')?['body/value']","actions":{"Delete_row_(V2)":{"runAfter":{},"metadata":{"operationMetadataId":"92ea5684-c462-436d-83ed-d4a4fc0ab81e"},"type":"OpenApiConnection","inputs":{"host":{"apiId":"/providers/Microsoft.PowerApps/apis/shared_sql","connectionName":"shared_sql","operationId":"DeleteItem_V2"},"parameters":{"server":"default","database":"default","table":"[dbo].[CreditPortalApproverDetails]","id":"@items('Apply_to_each_Delete_All_Tasks')?['ID']"},"authentication":{"value":"@json(decodeBase64(triggerOutputs().headers['X-MS-APIM-Tokens']))['$ConnectionKey']","type":"Raw"}}}},"runAfter":{"Insert_row_(V2)":["Succeeded"]},"metadata":{"operationMetadataId":"d1e14781-ed63-4047-b781-7db670dc8647"},"type":"Foreach"},"Delete_rowMainRequest":{"runAfter":{"Apply_to_each_Delete_All_Tasks":["Succeeded"]},"metadata":{"operationMetadataId":"840675e1-3f87-4b43-a0f7-341178ec64ef"},"type":"OpenApiConnection","inputs":{"host":{"apiId":"/providers/Microsoft.PowerApps/apis/shared_sql","connectionName":"shared_sql","operationId":"DeleteItem_V2"},"parameters":{"server":"default","database":"default","table":"[dbo].[CreditDetails]","id":"@outputs('Get_row_Detail')?['body/ID']"},"authentication":{"value":"@json(decodeBase64(triggerOutputs().headers['X-MS-APIM-Tokens']))['$ConnectionKey']","type":"Raw"}}},"Terminate":{"runAfter":{"Delete_rowMainRequest":["Succeeded"]},"metadata":{"operationMetadataId":"503e9b12-2247-4ded-bbd8-40bac4eb4b14"},"type":"Terminate","inputs":{"runStatus":"Succeeded"}},"Insert_row_(V2)":{"runAfter":{"GetRowsApproverTasks":["Succeeded"]},"metadata":{"operationMetadataId":"3c324991-bf27-4447-ab9e-8520dd79d080"},"type":"OpenApiConnection","inputs":{"host":{"apiId":"/providers/Microsoft.PowerApps/apis/shared_sql","connectionName":"shared_sql","operationId":"PostItem_V2"},"parameters":{"server":"default","database":"default","table":"[dbo].[NIBCreditPortalAuditTable]","item/UserInfo":"@triggerBody()['text']","item/ActionTime":"@utcNow()","item/Location":"@outputs('Get_row_Detail')?['body/ID']","item/Action":"Deleting Record","item/Role":"@outputs('Get_row_Detail')?['body/Title']","item/Amount":"@outputs('Get_row_Detail')?['body/Amount']","item/Comment":"@join(outputs('GetRowsApproverTasks')?['body/value'],', ')","item/App":"\"Credit Processing Portal\""},"authentication":{"value":"@json(decodeBase64(triggerOutputs().headers['X-MS-APIM-Tokens']))['$ConnectionKey']","type":"Raw"}}}},"outputs":{}},"connectionReferences":{"shared_sql":{"connectionName":"eb7ac6b6dd804af4ac477bb497ed478c","source":"Invoker","id":"/providers/Microsoft.PowerApps/apis/shared_sql","tier":"NotSpecified","apiName":"sql","isProcessSimpleApiReferenceConversionAlreadyDone":false}},"flowFailureAlertSubscribed":false,"isManaged":false}}