{"name":"d6f6d549-2825-4a68-a95a-fe91a4a81c26","id":"/providers/Microsoft.Flow/flows/d6f6d549-2825-4a68-a95a-fe91a4a81c26","type":"Microsoft.Flow/flows","properties":{"apiId":"/providers/Microsoft.PowerApps/apis/shared_logicflows","displayName":"DownloadPDFWF","definition":{"metadata":{"workflowEntityId":null,"processAdvisorMetadata":null,"flowChargedByPaygo":null,"flowclientsuspensionreason":"None","flowclientsuspensiontime":null,"flowclientsuspensionreasondetails":null,"creator":{"id":"725dd331-ccc6-40b8-9522-455769323cfa","type":"User","tenantId":"4c8a9f7a-11fc-4fc2-9099-0b68f72a197e"},"provisioningMethod":"FromDefinition","failureAlertSubscription":true,"clientLastModifiedTime":"2025-03-07T15:47:08.1331115Z","connectionKeySavedTimeKey":"2025-06-08T14:39:01.7882795Z","creationSource":null},"$schema":"https://schema.management.azure.com/providers/Microsoft.Logic/schemas/2016-06-01/workflowdefinition.json#","contentVersion":"1.0.0.0","parameters":{"$connections":{"defaultValue":{},"type":"Object"},"$authentication":{"defaultValue":{},"type":"SecureObject"}},"triggers":{"manual":{"metadata":{"operationMetadataId":"d9dd9b80-9ee9-4f5b-bda0-e0eaca3b127e"},"type":"Request","kind":"PowerAppV2","inputs":{"schema":{"type":"object","properties":{"text":{"title":"downloadPath","type":"string","x-ms-dynamically-added":true,"description":"Please enter your input","x-ms-content-hint":"TEXT"},"file":{"title":"File Content","type":"object","x-ms-dynamically-added":true,"description":"Please select file or image","x-ms-content-hint":"FILE","properties":{"name":{"type":"string"},"contentBytes":{"type":"string","format":"byte"}}}},"required":["text"]}}}},"actions":{"Initialize_variable":{"runAfter":{},"metadata":{"operationMetadataId":"56fb2724-5665-42f4-91eb-778353b364eb"},"type":"InitializeVariable","inputs":{"variables":[{"name":"varPath","type":"string"}]}},"Initialize_variable_2":{"runAfter":{"Initialize_variable":["Succeeded"]},"metadata":{"operationMetadataId":"21099406-d97f-4f62-bb1b-2cb14dc44249"},"type":"InitializeVariable","inputs":{"variables":[{"name":"OtherPath","type":"string"}]}},"Condition":{"actions":{"Create_file":{"runAfter":{},"metadata":{"operationMetadataId":"da0c4d60-4a3b-4a0c-b0b9-80186bf78576"},"type":"OpenApiConnection","inputs":{"host":{"apiId":"/providers/Microsoft.PowerApps/apis/shared_sharepointonline","connectionName":"shared_sharepointonline","operationId":"CreateFile"},"parameters":{"dataset":"https://sterlingbankng.sharepoint.com/pds","folderPath":"/Shared Documents","name":"@triggerBody()?['file']?['name']","body":"@triggerBody()['file']['contentBytes']"},"authentication":{"value":"@json(decodeBase64(triggerOutputs().headers['X-MS-APIM-Tokens']))['$ConnectionKey']","type":"Raw"}},"runtimeConfiguration":{"contentTransfer":{"transferMode":"Chunked"}}},"Get_file_metadata_using_path":{"runAfter":{"Create_file":["Succeeded"]},"metadata":{"operationMetadataId":"aa8f7b38-2a8b-49bb-8a23-78da06b1e321"},"type":"OpenApiConnection","inputs":{"host":{"apiId":"/providers/Microsoft.PowerApps/apis/shared_sharepointonline","connectionName":"shared_sharepointonline","operationId":"GetFileMetadataByPath"},"parameters":{"dataset":"https://sterlingbankng.sharepoint.com/pds","path":"@outputs('Create_file')?['body/Path']"},"authentication":{"value":"@json(decodeBase64(triggerOutputs().headers['X-MS-APIM-Tokens']))['$ConnectionKey']","type":"Raw"}}},"Compose":{"runAfter":{"Get_file_metadata_using_path":["Succeeded"]},"metadata":{"operationMetadataId":"22aeb45d-a26b-465f-90ad-73c6dfc4decd"},"type":"Compose","inputs":"https://sterlingbankng.sharepoint.com/pds/_layouts/15/download.aspx?SourceUrl=/pds@{outputs('Create_file')?['body/Path']}"},"Set_variable":{"runAfter":{"Compose":["Succeeded"]},"metadata":{"operationMetadataId":"b17d38bb-1cfc-461d-87b6-ba7ef98b4980"},"type":"SetVariable","inputs":{"name":"varPath","value":"https://sterlingbankng.sharepoint.com/pds/_layouts/15/download.aspx?SourceUrl=/pds@{outputs('Create_file')?['body/Path']}"}},"Set_variable_2":{"runAfter":{"Set_variable":["Succeeded"]},"metadata":{"operationMetadataId":"2ca13e8d-21fd-427c-9d8b-a2605c9a6bab"},"type":"SetVariable","inputs":{"name":"OtherPath","value":"@outputs('Create_file')?['body/Path']"}}},"runAfter":{"Initialize_variable_2":["Succeeded"]},"expression":{"equals":["@triggerBody()['text']","N/A"]},"metadata":{"operationMetadataId":"a82c28fd-3264-4c96-b819-ad14994f019e"},"type":"If"},"Condition_2":{"actions":{"Get_file_metadata_using_path_2":{"runAfter":{},"metadata":{"operationMetadataId":"10e92b89-bc9f-46fa-ac8f-5504db535a00"},"type":"OpenApiConnection","inputs":{"host":{"apiId":"/providers/Microsoft.PowerApps/apis/shared_sharepointonline","connectionName":"shared_sharepointonline","operationId":"GetFileMetadataByPath"},"parameters":{"dataset":"https://sterlingbankng.sharepoint.com/pds","path":"@triggerBody()['text']"},"authentication":{"value":"@json(decodeBase64(triggerOutputs().headers['X-MS-APIM-Tokens']))['$ConnectionKey']","type":"Raw"}}},"Delay":{"runAfter":{"Get_file_metadata_using_path_2":["Succeeded"]},"metadata":{"operationMetadataId":"3482e110-d921-463d-a4c9-b80b09665d75"},"type":"Wait","inputs":{"interval":{"count":10,"unit":"Second"}}},"Delete_file":{"runAfter":{"Delay":["Succeeded"]},"metadata":{"operationMetadataId":"870310a2-475b-44dd-af08-66e7dc6a2350"},"type":"OpenApiConnection","inputs":{"host":{"apiId":"/providers/Microsoft.PowerApps/apis/shared_sharepointonline","connectionName":"shared_sharepointonline","operationId":"DeleteFile"},"parameters":{"dataset":"https://sterlingbankng.sharepoint.com/pds","id":"@outputs('Get_file_metadata_using_path_2')?['body/Id']"},"authentication":{"value":"@json(decodeBase64(triggerOutputs().headers['X-MS-APIM-Tokens']))['$ConnectionKey']","type":"Raw"}}}},"runAfter":{"Condition":["Succeeded"]},"expression":{"not":{"equals":["@triggerBody()['text']","N/A"]}},"metadata":{"operationMetadataId":"0978d5ae-9b6b-4629-8320-ec8613e9fa2d"},"type":"If"},"Respond_to_a_Power_App_or_flow":{"runAfter":{"Condition_2":["Succeeded"]},"metadata":{"operationMetadataId":"b5d8055e-dcbe-46f1-810c-3768318294b7"},"type":"Response","kind":"PowerApp","inputs":{"statusCode":200,"body":{"path":"@variables('varPath')","otherpath":"@variables('OtherPath')"},"schema":{"type":"object","properties":{"path":{"title":"Path","x-ms-dynamically-added":true,"type":"string"},"otherpath":{"title":"OtherPath","x-ms-dynamically-added":true,"type":"string"}}}}}},"outputs":{}},"connectionReferences":{"shared_sharepointonline":{"connectionName":"shared-sharepointonl-26417d78-1a68-46ca-b805-db8a98cd5154","source":"Invoker","id":"/providers/Microsoft.PowerApps/apis/shared_sharepointonline","tier":"NotSpecified","apiName":"sharepointonline","isProcessSimpleApiReferenceConversionAlreadyDone":false}},"flowFailureAlertSubscribed":false,"isManaged":false}}